DepMap_ID,BRD-K09877029-001-01-2::2.5::HTS,BRD-K21025364-001-04-9::2.5::HTS,BRD-K21025364-001-05-6::2.44::HTS,BRD-K43578482-001-01-4::2.5::HTS,BRD-K79239947-001-06-8::2.5::HTS,BRD-K99545815-001-06-3::2.5::HTS
ACH-000001,-1.30481767076,0.60223732219,1.75310133599,-0.268906303157,0.231227323842,0.0599008068535
ACH-000007,-0.889866100048,-3.2908938364,-0.334282370552,-0.355331888719,0.173199609713,-2.48377126705
ACH-000008,-0.431009528,-0.216189780022,-2.67011357006,0.107988599074,0.243651048863,-0.773102646241
ACH-000010_FAILED_STR,-0.804667834351,,,-0.829308485491,-0.998081336979,-2.09539159084
ACH-000011,-0.167951069504,-2.07702097876,-3.08871633963,-0.299487177522,0.616482409982,-0.494439777886
ACH-000012,-0.129736719982,,-3.39724459251,-0.0472509280397,-0.0879244576083,-0.624578114899
ACH-000013,0.134139179219,-1.24296858564,-0.545326362471,1.10146662449,0.623080529712,0.362593546226
ACH-000014,-0.442467179692,-3.14877164663,-1.27161780914,0.246330168217,-0.0167649743628,-0.181768327055
ACH-000015,-0.212189198214,-0.628495605905,-0.0987150782951,-0.417035997535,-1.60359653015,-1.79790287311
ACH-000018,0.588170858017,-0.756821508922,-1.03413410065,0.940165670424,1.1330420887,0.292049139065
ACH-000019,-1.12368582662,-2.87096162132,-2.94351919326,-0.804178679437,-0.618362326227,-1.53758772539
ACH-000021,-0.0218450393383,-1.65114685055,-0.0357564278773,0.570885790995,0.527059560167,0.455872168638
ACH-000022,-0.601092872038,-1.8621433218,-0.0738267164196,-0.137574723538,0.941782027481,-0.477095271705
ACH-000023,-1.6179449127,-1.76921218029,,-0.808441640712,0.15052992058,-1.50983993391
ACH-000026,0.861920680291,-0.650037143266,-1.09020559532,1.02786567613,1.21327492914,0.449115242773
ACH-000027,-0.784531767205,-2.30161091542,-1.92282668985,0.270760394195,0.648240375883,0.0399521743009
ACH-000028_FAILED_STR,-0.670410241051,-1.03637617085,,-0.165934668918,0.550025157681,-0.518271817731
ACH-000030,-0.67007696856,-2.95742501123,-3.1987989917,-0.0838453380194,0.369183864452,-2.17113755909
ACH-000035,-0.183462523521,-3.12366456045,-2.569725815,-0.221609876766,-0.318598375089,-1.82638305851
ACH-000037,-0.763672328835,-4.32407209916,0.567637048773,0.522735343104,0.421343696541,-0.727219544584
ACH-000040,1.81814343597,-1.34388920498,-0.790022987683,,0.844681304104,1.13527960417
ACH-000041,0.174741035704,-1.06312580357,-1.96704504933,-0.491040267409,0.538099322764,-1.67312064503
ACH-000042,-1.2384786127,-2.4764293236,-2.80100055501,0.822199803873,1.50644273163,-0.519172651641
ACH-000046,-1.17238970625,-2.18589755474,-1.21479695649,-0.75172611492,0.261089003728,-1.66055238937
ACH-000047,-1.79021704856,-3.34780750369,-2.77174628406,-1.42863999463,-0.0350009040983,-2.36007788113
ACH-000048,-1.02834107189,-2.40820719355,-1.58865643626,-1.03599668447,-0.973403918064,-0.875222515059
ACH-000051,-0.545480272597,-0.308667639635,,,,
ACH-000052,0.325159730558,-3.73191249357,-1.40143515955,-0.522806928409,-0.953390763257,-1.8197595145
ACH-000054,0.332297862259,-1.69548706828,-1.84447431405,-0.890912655434,0.274466051519,-1.92578379172
ACH-000060,0.024495975151,-1.10735331754,-0.203527979947,1.60058838027,0.893301228903,0.0821154020681
ACH-000062,-0.613178804077,-1.05800679355,-2.7900085278,0.359457047159,-1.16511846362,-1.70341252522
ACH-000066,-1.09064441835,-3.99946819123,-2.7863217847,-0.202310032999,0.466860487914,-0.975441332456
ACH-000075,-0.974325125102,-1.65367761122,-1.07005284667,0.16627494222,-0.209601452175,-0.563476271859
ACH-000078,-0.500009889839,1.09432686047,-1.38466150413,-1.17260972108,-0.399129576307,-0.834536691818
ACH-000082,0.648242052036,-1.25457440518,-0.376548092071,-0.175924742848,0.445542422239,-0.787648625575
ACH-000085,0.757588066487,-0.52673957338,-3.23541316214,0.215539557471,1.06273240854,0.896683294597
ACH-000086,0.384730988569,-0.595557394284,-0.345670641434,0.16284987428,1.19662223931,-0.643961461277
ACH-000087,-1.59472822609,-2.76640722388,-1.04038073757,-1.11223910753,-0.104418192261,-1.84934711203
ACH-000090,-0.542264981845,-0.722420986231,-2.72856367641,-0.314825270889,0.79019571014,-0.816178563327
ACH-000091,0.159394923516,-1.1011182106,-1.22328385458,0.0312884841248,1.1860759285,0.113945501289
ACH-000092,-0.133693263679,-2.06665706007,-1.27246874292,-0.427761568852,0.85420067901,-0.658321554906
ACH-000093,,,,,,1.75911062129
ACH-000096,-1.11017617418,-2.53362962599,-1.45038878077,-0.284009151827,-0.0376939948212,-0.632495781837
ACH-000097,-0.422952113952,-0.746436577704,0.908410401277,0.00509170010871,-0.0648048538318,-0.0475840402378
ACH-000098,0.753107581672,-1.11383729363,-0.594118210895,1.05916338885,0.271496642419,-1.39118997609
ACH-000099,-0.657283476231,-0.42463383485,-0.655815180582,-0.502316348113,-0.523395129206,-0.265732317663
ACH-000102,0.0390561479011,-0.687085692738,-0.317141309636,-0.114102116732,0.542490389365,-0.0122671285143
ACH-000107,0.303370099082,-1.28749802373,-1.56316407176,-0.196776305773,1.09368063476,-1.4589422146
ACH-000108,-0.88963337966,-1.11281948188,-1.52616370932,-0.265451742466,0.416918353805,0.00270157496441
ACH-000114,-1.25418930505,0.291212649497,-1.71467126046,,-0.581947888296,-0.899473249228
ACH-000116,-0.467997170995,-1.67665561948,-2.50877389167,0.35718156802,-0.782625400059,0.304066625604
ACH-000117,0.857468684518,0.692917166994,0.723401374695,0.982952575343,0.195348091442,1.3983180317
ACH-000118,0.611877033286,-2.39257773215,-1.63413404506,-0.32468833464,-0.121888446844,-1.49230310902
ACH-000120,0.56109507827,0.731143195108,-1.57576749591,,-0.686915220302,-1.54688366114
ACH-000123,-0.914126288442,-1.35346561384,-1.25213875519,-0.806418708431,-0.48420800487,-0.86028180715
ACH-000132,-0.434819983747,-0.753694695456,-1.11812050665,0.279896042654,0.55090093274,-0.576727325688
ACH-000133,0.102988388528,-1.72556540113,-0.651189904934,0.0834552148532,-0.072449203662,-0.857568711227
ACH-000137,-0.282975562883,-1.42001512464,-1.57674266133,-0.241810156089,-0.224602954913,-0.221923026422
ACH-000138,0.131960635309,-2.41650232913,-2.71649165349,-0.446007726209,-0.0956135502326,-0.462683621627
ACH-000139,-0.868805910597,-1.48503432726,-2.80672510313,-0.972281229579,1.69941715528,-1.82828159842
ACH-000141,-0.522643869617,-1.47559953711,-2.15691127443,-0.211878160328,0.729168316117,-0.054274086767
ACH-000142,-1.24773857002,-2.29896248348,-3.13586087737,-1.09456615265,-0.502032001584,-2.48994715059
ACH-000147,0.121244359525,-0.788375457702,-1.34123885642,0.903393589725,-0.233937047504,-0.879060746462
ACH-000149,-0.109598824965,1.02713052168,-0.708289623953,,,-0.526134958663
ACH-000153,0.837059465596,-2.13194675328,-1.83716995913,0.711528302987,0.843512288571,-0.269547265958
ACH-000155,-1.1400746537,-1.51512382953,-3.12941027596,0.320714653945,0.223259430653,-0.253389391274
ACH-000159,0.117013271752,-1.71149553798,-0.834170400742,-0.18130842032,0.792372758515,-0.967603765882
ACH-000161,-0.498899366067,-0.0646009819363,-1.1663318621,-0.637237860792,0.387452365523,-0.192829795017
ACH-000163,-0.684218244074,-1.12909987659,0.531705905989,0.142143726205,0.649049589918,-2.33958295213
ACH-000164,0.156108525114,-0.309346860424,-1.43402368554,0.959572109504,0.778727747239,0.000356997342123
ACH-000169,-0.516424223749,-0.59224630749,-0.426734590791,1.00076151084,0.943671422921,0.680075031215
ACH-000171,-0.687262743165,-2.44185405978,-1.84362485163,0.106157054521,0.751004576102,-0.823669268413
ACH-000172,-0.284468546057,-2.07090434202,-1.73243431344,-0.0635378620471,-0.172992254879,-0.928011015384
ACH-000174,-0.172335081742,-0.800366393641,-0.753994523015,0.342830706501,0.219325377458,-0.127316086063
ACH-000176,0.329474660882,-1.35040465789,-2.19577920096,0.646267883969,0.955388761109,0.747257405261
ACH-000178,0.1658181199,-0.67360892639,-0.830656438056,0.446078460963,0.533605775789,-0.232769443666
ACH-000182,0.408267682126,-0.845005984874,-1.64737157831,-0.549694092576,0.927402004103,-0.207474906268
ACH-000186,-0.487099150571,-2.40791256657,-2.59391336637,-0.163140223599,0.246014308789,-1.43032135149
ACH-000188,-1.53619632292,-3.09945337766,-2.77813472192,-1.08585293268,0.210074764795,-2.0186223985
ACH-000189,0.382932966042,-2.1287729558,-1.729252973,0.192880577592,0.181144918421,-0.410141240361
ACH-000191,-1.29394859241,-3.02155944003,-2.15358823751,-0.345324801766,-0.249833454609,-2.51511823978
ACH-000192,-0.594482372532,-1.17603756865,-3.27993395019,-0.111078886205,0.287019858715,-0.431528092097
ACH-000200,-0.465844667266,-1.55756779363,-1.30235240459,-1.33314655289,0.902319548485,0.0362329171355
ACH-000201,-0.711073834505,-1.66351656663,-1.86768206897,-1.03792236039,-0.190259326725,-2.54143477914
ACH-000205,-0.572008933557,-3.52466194807,-1.614742462,0.0578129534789,0.491326778037,-1.67613203911
ACH-000207,-1.33663991301,-2.19609135977,-3.82749953833,-0.637967034429,-0.836904377646,-2.28085187613
ACH-000209,0.469408414197,-1.30033935357,-0.910067763492,-1.82166102099,0.225283840413,0.881607675309
ACH-000210,-0.547628897483,-3.34405473608,-3.08303112137,1.44988157037,0.872874124821,0.830644109582
ACH-000211,-1.63785274671,-2.26903797951,-1.1059183588,0.371044088559,-0.134950489367,-2.75305088296
ACH-000212,0.374522779385,-2.74176585345,0.00940613212197,1.35231660898,-0.233598544728,-0.245253995536
ACH-000213,-1.68298521229,-2.27997711915,-2.50126429633,-1.32078662711,-0.461601423579,-0.88673044709
ACH-000217,-0.00141376029072,-1.51658559864,-1.21386475872,-0.57874267864,0.707156039273,-0.0872458759536
ACH-000219,-0.140313452013,-4.17280413426,-4.1043944845,0.541809989369,0.180468145262,-1.67095498039
ACH-000221,-1.07046826056,-1.14475241106,,-1.82463582885,-1.33350974443,-1.24260024897
ACH-000222,-0.656340647838,-2.42950252008,-3.66351011365,0.185686418534,-0.239136888688,-0.930146285676
ACH-000223,-0.150371529977,-0.934733293308,-1.38505392978,0.540182828101,0.352964368156,-0.997275919212
ACH-000227,0.308682675747,-0.190592954572,0.0568979456176,-1.01132431475,0.451414729196,-0.225578554672
ACH-000228,-0.404882637538,-3.42619168867,-3.19908401552,-0.0734963147419,0.57966509651,-1.04992237233
ACH-000231,0.212761984941,0.13791963654,-0.339534949234,-0.106332910145,0.358644982527,-2.21353219204
ACH-000232,-0.713406456989,-1.68728937014,,-0.265003550489,-0.341441431692,-1.86460607505
ACH-000234,-0.102853975709,-2.84300786212,-1.37016216422,-0.241030944785,0.946365175199,-0.928591886997
ACH-000235,-0.965693122416,-3.48259537788,-2.4635832577,-0.105114232033,0.887071550693,-1.38048117581
ACH-000237,-2.66113878007,,-2.68976405064,-0.994153742019,0.067990033336,-3.73936481974
ACH-000242,-1.37438487066,-1.17631293984,-2.04642856349,-0.810479201007,-0.190407891372,-2.21161353913
ACH-000243,-2.35718179311,-4.92117591338,-0.166468124309,-1.02025063587,-0.713071621379,-3.4084351961
ACH-000244,0.161772840629,-1.23379711501,-0.801891032703,0.951491895168,0.0489047750987,0.403661878496
ACH-000249,0.135518694794,-1.75320354837,-2.03815432396,0.838160433468,0.53052985206,-1.11265357302
ACH-000250,0.0699044100605,-1.91940382205,-0.00209099581349,0.649090710774,0.510818155793,0.3665609962
ACH-000252,-0.422137994542,-1.60235339396,-1.20321420801,0.170714434868,1.35244232957,-0.591437444582
ACH-000255,-0.355033516589,,-1.89631474806,-0.468316712955,-0.514509343793,-2.21230036566
ACH-000256,0.221040998218,-1.33592744556,0.597008289816,0.439422162326,0.280898137654,1.06451055886
ACH-000259,0.081484615073,-2.32391592171,-4.15971987566,-0.699724250739,0.180458343955,-0.775802710418
ACH-000260,-0.630342550517,-0.275406604582,-1.56892075022,0.156886195002,0.351108685079,0.390566843798
ACH-000261,-0.892883191569,-1.56447875459,-0.683702282044,-0.269429918719,-0.0409998127843,-3.08587678195
ACH-000264,-0.645537486295,-1.28504649732,,0.334101093077,0.241547399076,-1.5009520942
ACH-000265,-0.400687555025,-2.51312721917,-1.76461754749,-0.118720973344,0.0190443362406,-1.29397950644
ACH-000266,-0.231305393578,-1.46217023003,-1.84694321202,1.04368733532,0.881109762599,0.32483314726
ACH-000268,0.28200611656,-2.2028391143,-0.106432944971,0.452593307416,1.23443790494,0.850729767703
ACH-000269,,-1.59393205572,-2.13940593443,,,-1.71715178212
ACH-000270,-2.50664138227,-2.82624876219,-3.53671867624,1.3041600067,1.49788118813,-0.0284678958698
ACH-000273,-0.370534433487,-0.914182122686,-1.78630510859,0.294388821167,0.993811385025,-3.72956866597
ACH-000274,0.63581533103,-1.89717342398,0.0163006926806,1.62550374106,0.502701321587,1.36285500073
ACH-000276,-0.174714414825,-0.672574291101,-2.11258303491,,,-0.0737349790094
ACH-000277,0.776041328285,-0.0609699164159,-0.454845560857,-0.122957830295,-0.218526925091,-0.363667898274
ACH-000278,-1.15026571657,-2.27523152734,-0.738202533436,0.317937560836,0.37347884457,-0.502627149836
ACH-000279,-0.584504332458,-3.0554140819,-2.4190434719,-1.11798718095,-0.344907216939,-1.25962287228
ACH-000280,-0.905887368661,-1.52574666075,-1.65863440779,-0.993111181504,-0.162235487536,-1.22487782166
ACH-000281,-0.875316470715,-0.662313244028,0.429282728207,0.448817831389,0.0828390152834,0.283367755973
ACH-000288,-0.0203995809535,-1.83138088601,-0.820643279453,-0.506505437356,-0.372252398077,-1.7888499468
ACH-000289,0.315207803039,-1.01443683315,1.7904216136,0.0814462611267,-0.0279694654927,-1.28306981375
ACH-000291,-1.2912295335,0.0137985043014,-1.03583828473,-0.15244094981,1.51049580976,0.476431888049
ACH-000292,-0.800548349095,-3.37066697338,-3.35235151368,0.287894353127,0.00629695271424,-2.66554836523
ACH-000296,-1.41494218636,-0.46468156625,-1.47154173086,0.323418292876,-0.440501346641,-2.055037724
ACH-000302,0.350973952719,-0.714939494748,-0.0546254420692,1.06358303622,0.705436354575,0.315179193416
ACH-000305,-1.4882730445,-1.37161106579,-2.74397972405,-0.0592915823347,-0.233575660029,-1.65462071522
ACH-000307,-0.939358879008,-4.39501808307,-3.53410711544,-1.26255339386,0.036682576374,-1.86034347352
ACH-000308,-0.175834292396,-4.1849814643,0.321404826623,0.42470225656,0.673900700373,-0.476882324615
ACH-000309,-1.48459294351,-1.92249678592,-1.02627933196,-1.44611238938,0.243526177847,-0.686294429695
ACH-000311,-3.65967044208,-3.47489932171,-1.88647098895,-0.705455904272,-0.466411980764,-1.71512366261
ACH-000312,,-1.97102028671,,-0.0644517900101,0.231471821887,-0.315043389683
ACH-000313,-0.518285825094,-2.06834768704,,-0.591237786222,-0.103553838332,-0.900528052651
ACH-000316,-1.08403210872,-3.6586886432,-1.74207801444,-0.0215706776853,-0.508683268227,-2.89908911021
ACH-000318,0.00653077834193,-3.30392695982,0.238128025962,-0.0744961446175,0.311242692816,-0.285626411118
ACH-000319,0.524657310013,0.586768996854,0.752131454656,1.19803060744,0.47524405122,1.65488623675
ACH-000320,-1.31267586305,,,-0.422522105047,-0.387114672947,-1.93089835171
ACH-000322,-0.0558502636338,-1.51252295082,-0.162524387907,-1.32597859356,-0.444928630288,-0.911089070899
ACH-000323,-0.475387974465,-1.28021038728,-0.433745043323,-0.583767808083,-0.924668207459,-2.22428143081
ACH-000324,-1.35734393538,-1.7804059584,-1.93711618274,-0.0650447532569,0.162058827596,-1.84452196142
ACH-000329,0.222586165204,-1.87803565934,-1.54879258864,0.0894542610614,0.53269573775,-0.672619115345
ACH-000330,-0.378848166828,-1.53557763054,-0.757088225961,0.195786104646,-0.0343286396795,-0.986743309465
ACH-000331,0.440993920431,0.500280879706,-0.752509719574,2.39280037463,1.22788028267,0.163699335572
ACH-000332,-0.515801355284,-2.42885116484,-2.16425806657,-0.4972704435,-0.0322259177826,0.0511637188892
ACH-000335,-2.53048519364,,-3.51853232193,-0.785741270879,0.0677722420108,-3.9687204909
ACH-000341,0.979668274325,,,,,
ACH-000343,-0.27870069404,0.299066502752,-0.910810257273,0.422419707225,0.470258506999,-0.100658227545
ACH-000344,-1.30154725545,-0.536811184351,-0.449957218969,-0.187110751754,-0.295385495541,-0.283482648462
ACH-000347,-0.259125805913,-1.34951011422,-0.156721283702,0.196078222573,-0.455331037403,-0.0889247319043
ACH-000348,-0.299728978382,-2.5132822564,-2.24440323982,0.0694468028614,0.478011468157,-1.46121975577
ACH-000350,-0.286325062433,0.522668963742,-1.69047761745,0.367519960592,0.230345893939,1.08779661607
ACH-000351,-1.07492503541,-3.40892165002,-0.750191442868,0.224274114297,0.50994639543,0.225827258789
ACH-000352,-0.114012529625,0.585845310518,-0.419810924115,1.23028772173,0.181725727973,1.3058734048
ACH-000356,-1.71885275727,-3.03479636673,-2.14907821981,-1.32346232583,-1.3531288575,-1.86696301199
ACH-000359,0.142895328369,-0.704900773609,0.29778121614,1.10067721062,0.245302823463,0.535624861665
ACH-000361,-0.871529385499,-2.49302878631,-2.42935007541,-0.744459146511,-0.122636150968,-2.05113073654
ACH-000364,-1.71784106265,-2.80053489837,-2.1434432796,-1.36984959443,-0.818449596509,-2.86007448311
ACH-000366,-0.607842647846,-0.484683471647,-0.0210513410545,0.513268630211,0.994974181888,1.58139046533
ACH-000367,-0.244927098998,-1.25518509429,-0.0462299840294,0.859778818276,0.372761257021,-0.449520020364
ACH-000368,0.0548367949575,-1.82665773553,-0.463328978645,0.303126459692,0.268213521913,-1.09568954341
ACH-000374,0.139935612017,-1.78462564028,-1.14860714822,0.914343070055,0.637071196412,0.611255198413
ACH-000375,-0.602396559778,-2.40707111798,-1.05785242183,-0.619330102814,-1.38322054397,-2.82481811539
ACH-000376,-0.301068379101,-2.65557871562,-1.025381726,0.18574675016,-0.0992042598631,-0.681699243125
ACH-000378,-1.39509874786,-1.9025667668,-2.23065161661,-0.278996202146,0.209878109185,-1.39646969371
ACH-000383,-0.267687366155,-1.3747706894,-1.87208710016,0.580604662754,1.09220392214,0.0580107100946
ACH-000384,-0.374740739122,-1.37011229903,-2.37835819956,0.5787418665,1.02451592756,-0.188351812458
ACH-000389,-0.875663317472,-4.78278319864,-2.28690959099,0.197389556938,0.19387332356,-0.951217353498
ACH-000390,-1.0267462982,-1.67626175972,-0.645721067441,-0.377987067358,0.445049650322,-1.58659263793
ACH-000391,-0.556503089426,-0.856068343246,-2.67823077931,0.00224097634675,0.350019500569,-3.31846748366
ACH-000393,-1.20390294401,1.00689210771,0.949148151331,1.0711355761,0.926746665975,-1.32917940168
ACH-000395,-0.200883012237,0.484313946226,-0.467350041538,0.521213591709,0.0480157812198,0.908270916269
ACH-000396,-0.36892637277,-2.10223783306,-1.1323805732,-0.0938004252757,0.138146418093,-0.917348262435
ACH-000397,0.247132205956,-0.651007422789,0.996896633104,0.280160822411,0.828922676866,-1.91493224868
ACH-000399,-0.505703503464,1.3907734548,,,,0.0365211284673
ACH-000400,-0.748995624254,,-1.73681460266,,-0.156223161331,-0.868173317702
ACH-000401,0.156123634265,-0.889147763473,-1.17012930785,-0.521212627697,0.583901689275,-0.728490223952
ACH-000403,-0.205067936412,-1.19961094627,-1.79900583861,0.570370969966,1.05487935921,-0.208173966894
ACH-000404,0.26842482603,-0.914951164349,0.228459719519,0.422205153953,2.23101268295,-0.93923446216
ACH-000407,-2.52297600042,-2.60156021649,-0.859861268363,-0.74593328719,-0.0658670586633,-2.07540361876
ACH-000408,0.278747677499,-1.7047237009,-2.24603875706,-0.032672330546,0.778222493025,-1.42281205458
ACH-000409_FAILED_STR,0.789666095213,0.00311057520074,-1.15045142753,0.976750603074,0.556357382135,0.0590669961711
ACH-000411,-0.178190952119,-4.11625630773,-0.480530708171,-0.0156071168653,0.423077929202,-0.500304948717
ACH-000414,-2.12761556753,-3.12798840152,-3.02694989358,-1.15165100934,-0.655339545104,-1.41766866327
ACH-000415,-1.59922316567,-0.498840961371,-0.916368984217,-0.116314954942,-1.41998334571,-1.0761656342
ACH-000416,-0.416673810527,-0.564215175033,,0.393319490941,-0.0635574617846,-0.960779301351
ACH-000417,0.58662573838,-2.02305475883,-2.11531919432,1.0145581808,1.42164225791,0.828172700972
ACH-000418,0.0128665631892,-2.41724240173,0.672618594428,-0.827526390848,-0.748312432767,-0.0273081731217
ACH-000420,-0.243321512747,-0.952771072843,-1.19392258613,0.26083167933,-0.0896126151303,-0.466622807191
ACH-000421,-1.05299217193,-1.20561523646,0.102119859761,0.116835032045,0.227158322863,-0.315642613328
ACH-000423,-0.00282872965689,-1.78277181311,-0.855707936181,0.595283142635,0.972318735847,0.885300586126
ACH-000425,-0.7575423676,-1.92223810924,-3.4168690813,-0.313944569787,0.142382092917,-1.82406937807
ACH-000427,1.02184771211,0.938361512662,-1.28549387828,1.48978562714,0.577392747012,-1.03600505424
ACH-000428,-0.0935257540479,-1.53085334392,-1.48115035488,-0.178154984652,0.71695011443,-0.726927249143
ACH-000429,1.59944600087,1.36461442601,0.77969255046,1.60981797375,1.83467856926,1.84233634753
ACH-000430,-0.922019416867,-1.91150797299,-2.80068854008,-1.76303501811,-0.315807249374,-3.21169666884
ACH-000433,0.751818709203,-0.345928341282,-1.86567815901,-0.010492756615,1.09675538572,0.11193832902
ACH-000434,-0.101920762948,-0.25102973529,0.822463282457,0.0528314020553,0.494904523804,-0.558313932167
ACH-000435,-0.931128229061,-3.72139788662,-1.91888830941,-0.000768064256378,-0.287242973174,-0.457649085053
ACH-000437,-0.0773632301241,-1.10322582985,-0.797314089455,-0.239508647962,-0.0986919041891,-2.29818848223
ACH-000441,-0.736704100281,-1.89589897133,-1.03151281502,-0.195089182994,-0.561650754794,-0.262695371776
ACH-000443,0.132378328809,1.26815114852,0.21308912202,0.95058673025,-0.292701924292,-0.375678827029
ACH-000444,-1.52975318462,-1.36120816016,-1.72297651341,-0.451568197672,-0.77763680359,0.467109160651
ACH-000445,0.0348988665123,-0.923528745477,0.252948100109,0.861918812389,0.173895994604,-1.09888120415
ACH-000446,2.60872196382,,,,,-1.07586205672
ACH-000447,-1.5415738836,-1.89654128456,-1.40779253663,0.194368910718,0.541489807758,-0.0667533655666
ACH-000449,0.498544783383,-2.14548238141,,-0.314206037479,-1.11341260344,-0.929978759809
ACH-000450,-0.364471741109,,-1.93013654494,0.0257477494304,-0.0929525786185,-2.30711771846
ACH-000452,0.273470075967,-0.0566180401812,-2.97911855289,1.1876268261,0.881884469741,-0.609931627412
ACH-000454,-0.369798799462,-3.0087872036,-2.74061521107,-0.780641799109,-0.200550761124,-1.83064482954
ACH-000456,-0.196483813868,-2.59664985639,-1.22260669086,0.342814186803,-0.0910272173543,-1.86424427367
ACH-000457,0.427818465651,-0.471199310777,-1.32063067369,0.831003163061,0.667921227145,-0.381719638727
ACH-000458,0.102075119332,-4.94227395547,-3.85037932136,0.322775463941,0.70072298161,-2.85428300485
ACH-000460_FAILED_STR,0.236516941658,-2.26021464794,-2.19723673589,0.0777391816001,0.655443701848,-0.857034996852
ACH-000461,-0.860766743635,-1.37265229538,-1.81571258226,-0.428953635373,0.361889798664,0.0266873282226
ACH-000463,-3.29809096894,-4.63561480148,-4.66522475942,-1.12098380545,-0.31331426271,-3.34382621873
ACH-000464,-0.459129262186,-2.18422440002,-1.34541921032,0.208824347647,0.428853562666,0.475327704469
ACH-000466,-0.318744991935,-0.815429495052,-2.01228751363,0.565954884461,0.197053926311,0.422836875013
ACH-000467,-0.242872004323,-2.49937034559,-0.408772293325,0.161212164636,1.14675585377,-0.515330982225
ACH-000468,-0.0328880678283,,-0.19933629831,0.63691360204,0.0434451052838,-0.295995483091
ACH-000469,-0.975792913037,-1.89138113618,-0.767846778317,-0.515980902412,0.0753630497078,-1.0257271327
ACH-000470,0.391650913076,-1.29626443589,0.514224693938,0.0472053403251,1.03853530507,-0.235876658423
ACH-000471,-0.808584375687,-1.38421561504,0.0325332459968,1.27486265824,0.485605556849,1.98115621979
ACH-000472,0.105719430442,-1.48507015381,-1.74621388364,-0.118809419653,-0.192853881463,0.209752202543
ACH-000473,-1.25128643847,-0.0718106413861,-2.64549230902,-0.860276763971,-0.639963218489,0.203765608383
ACH-000475,-0.134340725485,-1.10802875972,-1.3108943883,-0.409856755471,-0.874453367967,-1.35462404281
ACH-000476,0.40373024576,-0.39664995122,-0.562977164457,0.459825924336,0.95973506224,0.838912100204
ACH-000477,-0.28592226141,-0.725268761696,-0.12432845992,0.859977090837,0.804706326328,-0.0375375939787
ACH-000479,0.503802400113,-1.09233695571,0.532610910941,0.89373104958,1.27472582367,-0.534854682997
ACH-000480,-0.941180444264,-0.678255447819,-0.180732326313,0.0251388874658,-0.482895565051,0.0222733859437
ACH-000481,-0.57638375531,-0.715338373177,-0.739039761754,-0.494501677735,0.0720968236645,-3.10329598874
ACH-000482,-0.320494603223,-1.82617523856,0.24934077819,0.92233400612,0.884082580133,-1.1041208618
ACH-000483,0.65806097657,-0.193735710504,1.1490589292,0.343674167694,0.826217416882,0.989949346037
ACH-000484,0.364024348639,-0.290734391128,-1.77282218365,1.57701951393,0.727380231943,1.34671083504
ACH-000485,0.616222418598,-1.58366237656,,,-0.329397879761,
ACH-000486,0.295376845028,-2.10087402997,-1.7010073736,0.251137824498,0.0368027647066,-0.0191655029088
ACH-000488,-1.93405373166,-4.73448052936,,-1.43534300628,-0.534962562913,-1.34144220528
ACH-000489,0.842503650612,-1.56735434104,0.604695838627,1.17201551117,0.658427063666,1.78082377745
ACH-000493,-0.645246848031,-3.28962654075,-1.14297226572,0.120528376175,-0.516967274763,-0.869689914323
ACH-000495,0.605249597674,-1.60755352167,-1.66617436712,-0.244808005526,0.521135009247,-1.55699508598
ACH-000496,-1.6353180441,-4.42795646927,-2.77466851452,-0.392461353557,0.58224216319,-2.19584673363
ACH-000499,-1.41798190276,-2.41293549571,-1.95217369222,0.0120675160725,0.657707151737,-2.54176136012
ACH-000500,-0.285292943952,-3.25556196061,-3.05211384131,0.269390024578,0.861990771622,0.0858378884023
ACH-000502,-0.308446289511,-2.9609888429,-1.04499404678,0.685107188836,0.277683104414,-1.55295957955
ACH-000503,-1.55964157579,-1.77129643151,-1.3146456842,0.38313249423,0.554210388886,-1.62484945522
ACH-000504,-0.022031194677,-1.5433197587,-2.17630550694,0.203186374698,0.594978409776,-0.371902950114
ACH-000505,-0.198857606771,-1.21221263371,-0.299772291898,0.90895968493,0.0627742891104,-0.391207483903
ACH-000507,-0.318045189131,-2.71261267655,-0.86172580101,-0.0824034395299,0.322149669462,-1.43744827209
ACH-000510,-0.303134893546,-0.93465472352,-1.20038664565,-0.281084477502,0.36386718186,-1.3444678827
ACH-000511_FAILED_STR,0.135790388562,-0.926029442573,-2.13662245238,0.531510504064,0.712533011623,-0.718046190224
ACH-000516,-1.00347894498,0.478782380755,-0.251878925213,0.44161906148,-0.236590821416,0.768664865079
ACH-000517,0.343896671208,-0.965490473107,-1.39463459922,-0.045787425491,-0.124524647679,-1.93658617171
ACH-000518,-0.250469702206,-1.9754445843,-2.52362973074,0.198796875559,1.12304543504,-0.833793652194
ACH-000521,-0.315291548393,-1.88622602535,-0.569226145567,0.269343236902,0.458097143334,-1.03300042296
ACH-000524,-0.781632684597,-1.49959408961,-1.76935185679,-0.0367746113698,-0.0194752231018,-0.0482865312827
ACH-000527,-0.386223114756,-0.600933550933,-0.647862386134,0.669550892633,0.239011937529,-0.223538455207
ACH-000528,0.118087309436,-2.17197699622,-1.95532927343,-0.31801517675,0.772124642948,-0.425966296842
ACH-000530,-0.141568233088,-0.993820088556,-0.581219165216,-0.307260396532,0.18309350573,0.0357463145512
ACH-000532,-0.355873573772,-0.628761450259,-0.273829143827,-0.602055370086,0.629220072499,-2.24164658022
ACH-000533,0.234656717936,-0.767602026659,0.306345681358,-0.325689951668,0.545003114061,-0.403484821837
ACH-000535,-0.314321599331,-0.924525584702,-0.582286334735,0.352399371469,-0.229193263994,1.61031267403
ACH-000537,0.0581576935502,0.301212936701,1.16692969446,0.44609948312,0.762332957907,0.693752570185
ACH-000539_FAILED_STR,-1.07312714802,1.02438787681,-0.920432597624,,,-0.714275541753
ACH-000542,-0.408266448796,-1.43788218724,-0.18719108691,0.276236650281,-0.145250203149,-1.00590980718
ACH-000543,-0.388689594879,-0.506393104173,-1.51729688473,-0.0478613570707,1.20128545172,-0.312123615881
ACH-000544,-0.53429989014,-1.9172750491,-1.38300373356,-1.0858636553,-0.741450158408,-0.791983704078
ACH-000545,-0.2651277776,-1.61944297625,-1.28462247187,-0.315703195535,-0.0778435880436,0.648625957428
ACH-000547,-0.416987441951,-0.791925050865,-2.08403526343,0.198943995616,0.431773147158,-0.0310473704136
ACH-000548,0.476502128407,0.212791184623,-2.0750874262,0.56156521689,0.351786499543,-0.463979834268
ACH-000549,-0.262367207148,-2.70530034719,-3.07173856691,1.03742850842,1.30621348723,0.340309490512
ACH-000552,0.203884157313,-0.263708723819,-0.910355128755,0.762582164705,0.504710277946,1.12205200067
ACH-000553,-0.464463532513,-3.67413582913,-3.4309365918,-1.11119345832,0.542904461812,-0.953230241924
ACH-000555,0.926723800886,0.944226145872,0.602153989577,0.974366231364,1.7518690719,1.49320068483
ACH-000558,-0.11838862412,,-0.0712130320086,0.326841719716,-0.333580971706,-0.324132672745
ACH-000561,-2.03741389254,-3.23271666045,-1.02395395488,-1.17769706455,-1.27953916732,-2.31623875615
ACH-000562,-0.131766655798,-1.41107294026,-1.26977896744,0.147179069469,0.28859314528,-0.566885544017
ACH-000563,-2.70734514024,-2.61348977782,-2.13325018752,1.15263888394,0.0877459008835,-0.866200839432
ACH-000565,-0.455670729191,-1.65229315836,-0.961733804882,-0.464513444303,-0.0474819995208,-3.41659354675
ACH-000566,0.250454177151,-1.19097111373,-0.849784669186,-0.552374986122,0.673424058336,-1.69116922753
ACH-000569,0.318201077389,-2.2572476184,-3.01553751241,1.32052923492,-0.10772916048,-1.75112683662
ACH-000570,0.00427841391351,-0.812819715312,-0.0755785151148,0.401071931091,-0.26492641491,-1.42002047634
ACH-000571,-0.342363812404,-3.0258263124,-2.2615423123,-0.561806635992,-0.0113574348263,-1.3952735222
ACH-000572,0.560965072012,-0.759417910785,-0.602899145555,0.905837183888,0.91176760847,1.25678261193
ACH-000573,0.650633461545,1.0687153271,0.912837838043,0.603590205898,1.17881146436,0.196995836559
ACH-000579,-0.0560840949551,-1.79310517701,0.0485454087917,0.610081910436,1.07661606652,-0.742206041501
ACH-000580,-0.989798151734,-3.15133898805,-2.12684154087,0.172489007913,-0.164131368776,-2.05241846216
ACH-000582,0.037545508015,-1.92835397059,-2.18277891211,-0.356872828104,-0.14059555648,-1.87584733661
ACH-000587,-1.49790817344,-3.32206192566,-2.69122484645,-0.770505900851,-0.182573695283,-1.86581755442
ACH-000589,-1.02360217451,-1.35580435391,,-0.239679820996,-0.570216892396,-0.71555985782
ACH-000590,1.15162021705,-1.13199059174,-3.06610683802,0.776834564837,0.802488068267,-1.06236715192
ACH-000592,-0.1233275749,-2.13875778978,-0.211715343165,-0.50771326243,1.62238219073,-1.31525029646
ACH-000593,-0.731765867439,-2.07898078416,-1.7193604708,-0.255128063012,0.288393182122,-1.87170246824
ACH-000595,0.362210707212,0.790859608898,0.565743104031,0.558349784155,0.209767664163,1.37974358726
ACH-000597,0.14611590904,-1.85362168967,-0.464876421924,-0.603950872167,-0.51546996963,-0.988593562452
ACH-000599,-0.240206721917,-0.424442391664,-2.33060932554,0.477911891231,0.706949972846,-0.824228025305
ACH-000601,0.107880124779,-2.42861765643,-1.26853637929,0.239832668394,0.22896798343,-1.61496585726
ACH-000603,-0.238351041151,-1.18791363668,-1.81144682064,0.564147490637,0.212258583965,-0.67156654343
ACH-000605,-2.30599825563,-3.62541693346,-2.93415127675,-2.15601690144,-0.39402034109,-4.2611062922
ACH-000608,0.577489216706,2.40438621104,-0.147936448012,-0.135309757959,-0.468050328468,-0.517258118405
ACH-000609,0.976131393703,-4.03152700713,-2.71151536168,1.01317613842,0.63991556767,-3.23018794119
ACH-000613,-0.132207600291,-2.2082363273,-0.383155283108,-0.369142088332,-1.36525946369,-0.587199943134
ACH-000614,-0.670522938016,,-1.14894812029,-0.603736746138,-0.158366002651,-0.0188760742784
ACH-000616,0.225321836482,-0.597256572086,-0.295323691936,0.761073451893,-0.110099747655,-0.47197335465
ACH-000617,-1.2506207373,-1.21726198594,-0.746045303487,-0.695704197636,-0.496363359246,-1.54053302268
ACH-000618,-0.960746967343,-3.28526084606,-0.471305461605,-0.227575153421,0.316495415695,-0.573906558072
ACH-000619,-0.652103182998,-2.25986698315,-0.964886148214,-0.0905473844065,0.245613556811,-1.07195591702
ACH-000620,0.0942295472185,-2.39505386821,-2.62461158729,-0.412274359574,0.314394955764,-0.984399717542
ACH-000622,-0.0915534207909,-3.86880660367,0.433250300461,0.4183683144,-0.0358864838584,-0.261392940385
ACH-000623,0.621842309702,-1.04546842058,-0.991697188562,0.268802729309,1.19784099024,-0.507584465358
ACH-000624,0.202351504649,-1.60945778268,-2.7431520676,-0.136568057467,-0.698070637174,-2.64744195622
ACH-000625,-0.384157279848,-1.0368805644,-1.39195458784,-0.317112552612,0.231945419769,-0.646581235634
ACH-000627,-1.398988539,-2.43475264654,-2.67208952248,0.0852795298267,-0.296093896712,-2.28158742382
ACH-000628,-0.0477334044101,-0.639812689881,-1.93257759677,0.943775930053,0.883780331969,0.270365957721
ACH-000630,0.113216965449,-0.832153796438,-2.40570462231,0.781813218091,0.0838137432028,-0.255452985442
ACH-000631,-0.687674694646,-0.315891072705,-1.50700101509,,,-1.35095648309
ACH-000632,-0.13128152759,,,-0.248177486281,0.437472204662,-1.29514889297
ACH-000637,-0.601825265559,-2.13666143935,-2.3912567091,-0.378862808027,0.12139928232,-0.681455481623
ACH-000638,-1.22281681274,-2.08112129609,-1.7694762937,-0.870659416163,0.628534295093,0.0834954007177
ACH-000643,-0.25657367647,-3.30229800369,-1.77231582442,0.22666529496,0.786493170154,-0.3998963338
ACH-000644,0.296479063273,-0.157531984489,0.164855153503,0.303900457888,1.40047071969,0.703203945945
ACH-000645,-0.404672898751,-2.77902472,-1.32005091304,0.478150345533,0.188576696114,0.232924629908
ACH-000647,-0.440644189054,-1.17458986791,-0.535138232793,-0.220076799498,0.313783380758,0.175938782449
ACH-000648,0.641066577278,-1.51685021851,-1.57141594012,-0.385175119187,1.18066956008,-1.2864083091
ACH-000649,-0.43260065939,-1.09195225802,-0.289198462811,-0.116398571797,-0.718195208216,-0.192351982613
ACH-000650,-0.2788511471,-0.832974453015,-0.581529653126,-0.494646722214,0.104803910725,-0.896819981478
ACH-000651,-0.90660844197,-1.48922445477,,-0.175360773842,-0.313487219532,-3.45637661688
ACH-000652,-0.206881356877,,,0.230632605969,0.136352916694,-0.959999766018
ACH-000657,-0.58699994167,-2.5946405353,-3.23801448457,-0.553817871726,-0.408984715126,-1.67954500221
ACH-000661,-0.620030108175,-3.23047460053,-3.51668084082,-1.0455465716,-0.290322400132,-1.64718250428
ACH-000662,-1.82735553906,,-2.90665929001,-0.345288756188,0.133399048461,-1.31094547972
ACH-000663,-1.96243626952,-2.21058353182,-3.22835773818,-1.14125022456,-0.0343926979783,-1.3899821323
ACH-000665,-0.228829979639,-2.51639808223,-2.8652734275,-0.46252733181,0.775887640353,-1.59506793084
ACH-000666,-1.95837766071,-1.77454913842,-1.28486028036,0.26245875574,-0.0384418414708,-0.754687886492
ACH-000667,-1.97229835598,-5.17644260292,,-0.599378136521,-0.892257985233,-1.03172012453
ACH-000669,-0.946893939948,-3.04192568836,-2.59639547123,-0.148226668939,-0.215719503883,-2.19918221129
ACH-000670,0.0273015049773,-1.79100880926,-2.6231434447,-0.0170073923908,0.209016600151,-1.74685719675
ACH-000671,0.292559675804,-2.84950345326,-2.33150945345,0.521188336382,-0.410124581177,0.873741163674
ACH-000672,0.0404823963678,-1.44940798087,-1.12630429114,0.098834012745,-0.273193362585,-1.00824767189
ACH-000674,,-0.891311464636,,-0.259795799827,-0.622490152263,-0.997268804576
ACH-000677,0.342334522677,-0.683529706555,-1.86776040631,1.68992070683,1.10317002602,-0.566818871039
ACH-000678,-0.0357240604041,-1.86483961338,-1.89683969338,1.43913827077,0.692967848322,0.443304864506
ACH-000679,-0.242597705321,-3.07443942627,-3.31201935421,0.978959313404,0.703157588672,-0.676068261838
ACH-000680,0.907140750754,-2.77627807318,-0.176533943286,1.31095045124,1.44290455777,0.5711633464
ACH-000681,-1.10073924789,-3.28733031945,-3.29297894887,-0.148077655745,0.482299913495,-0.780301132937
ACH-000682,-0.55596323331,-2.11782488526,-2.41310170915,0.716968938702,0.290995030607,-0.692545252684
ACH-000684,0.581251260251,-1.60036092985,-2.77305448864,0.519206791835,0.696601253191,0.118680088886
ACH-000685,-0.559843989319,-3.26251880685,-2.82189319321,0.235171444458,0.540886298197,-0.123398772709
ACH-000686,-0.0246457656539,-1.40948942969,-1.59086914145,,,-1.84928908046
ACH-000688,-0.622966315312,-2.16246586384,-1.93244021721,0.1292663569,0.770252536578,-0.187301118771
ACH-000692,-2.29578631643,-1.10760286177,-1.76038381893,-0.912984884948,0.0407760395936,-1.55067711879
ACH-000693,-0.611183644638,-1.61928062422,,-0.455759074516,-0.245326529826,-2.72129197356
ACH-000694,0.412347371442,-1.99220454274,-2.07268354765,0.276454475933,1.1349388937,-0.4081458552
ACH-000696,0.0169537572556,-1.62761307409,-0.92901350313,0.767945551835,0.288475747666,-1.26790190875
ACH-000698,-0.591521465033,,0.430414707358,-0.374929321809,0.562179328067,0.0461352183425
ACH-000699,1.13437680299,-0.674875040776,0.00629138191685,0.0389138296899,-0.492231616672,-0.530531603359
ACH-000701,-1.21822958399,-1.88430035227,-1.68373670398,-0.225388936275,0.0636828842101,-0.516029301332
ACH-000704,0.833931806404,-1.16157098323,-1.62751060139,0.986592583616,1.79434015291,0.679885169956
ACH-000706,-1.61228828432,-2.25079485464,-1.81376031733,-0.295087154513,0.923108986408,-0.958504730399
ACH-000711,0.236043099333,-1.10666306096,-2.01545517118,0.0627391336494,0.172338558538,-0.089338929992
ACH-000713,-0.522368435963,-0.82352665406,0.0182576525914,-0.384557717933,-0.206524861344,-0.367029363373
ACH-000715,-0.908173058266,-1.92695194105,-2.22452875425,0.0479945164388,0.279289335435,-2.35047375288
ACH-000716,0.0995167771616,-3.15573626423,-2.06496601108,0.347444714235,0.604177282156,-1.52048557606
ACH-000717,-0.651098677878,-2.71953757705,-3.76085969616,0.588284682699,0.538864359695,-0.386121501255
ACH-000719,-0.9393083414,-1.21675632623,-1.59141963148,-0.715895617017,0.25908233875,0.336100274191
ACH-000720,0.254297734629,-2.0315946668,1.71600510754,0.0163389699064,-0.3304161993,-1.33785729961
ACH-000721,-1.66600502328,-3.86025385098,-3.21694163585,-2.08205948796,-0.0854853042943,-3.21826593946
ACH-000723,-0.377409305379,-2.57532055285,-4.77531695937,-0.291615903078,0.34883792269,-2.67437376026
ACH-000724,-0.951999889396,-1.28599462678,-1.97857254206,0.656302400075,-0.585920520396,-1.53048511187
ACH-000726,-1.51206805333,-2.44255127454,-2.58482866453,0.678040657598,0.229838010232,-0.466945307871
ACH-000730,-0.622283608772,-1.47174614342,-1.79168609801,-0.328452419125,0.845708446876,-2.20370529417
ACH-000732,-0.472493834187,,-2.52044742525,-0.299139411621,0.0871142905074,-1.38849491031
ACH-000733,-0.403266948571,-1.39659215981,-0.123118092756,-0.072870358338,0.954923294503,-0.503171570458
ACH-000734,-1.13384723658,-2.20538206581,-2.15901903625,-0.950115980245,-0.020497609996,-1.51543841981
ACH-000735,-1.5098389203,-2.30933394095,-3.15572021625,-0.773240330435,-0.87479021366,-2.0741199437
ACH-000736,-2.37043193527,-1.48363379498,-3.87877222047,-1.64375396953,-0.884394001337,-1.83897231936
ACH-000738,0.591228985734,-0.00959660010952,0.369290980686,0.375874896853,0.388307770332,-0.61691383854
ACH-000739,-0.443843830148,-2.18225596079,-2.02389004349,0.382027938499,0.521957221851,0.14879685929
ACH-000740,0.394403744125,-1.40925898622,-2.14269884701,-0.835348596436,1.55166418118,-0.313729533008
ACH-000741,-0.581904986546,-2.36585490936,-2.85629289816,-1.89661257419,-1.73440563326,-1.54330667692
ACH-000744,-0.531591343178,-0.517520796833,-1.21199172356,,,0.713444091672
ACH-000747,-0.692119726227,-2.39269850313,-2.52473488279,0.831178570059,-1.19276160845,-3.42588816818
ACH-000748,0.455220660406,-0.573392283641,-0.0409052246043,1.43056558502,0.0256430667903,0.19550908136
ACH-000749,-1.42118095395,-2.18305448765,-1.91592292177,-0.739589500409,-1.30289777055,-2.02572621056
ACH-000750,-1.51417378537,,,-0.533879836905,-0.429621973101,-2.11358025068
ACH-000753,-0.391328923217,-1.22228712621,1.57920464357,-0.333934912921,0.467328902929,-0.190578264696
ACH-000756,-1.26115898874,-3.77763700987,-1.7189765019,-0.509949211786,0.593675077756,-1.7993593995
ACH-000758,0.466912147394,0.999891359256,-0.405556266242,1.18296707771,1.12968038615,0.993542987441
ACH-000759,0.539555767464,0.212717833189,0.360245874962,1.77678277343,0.245174475616,1.7065106562
ACH-000762,-0.572183612913,-2.33167424927,-4.70010652896,0.264354515874,0.179217945059,-1.48152462911
ACH-000764,-1.27984823957,-1.71347544137,-2.5144611523,0.19483622672,0.535620600846,-2.74581620653
ACH-000765,-0.48743474494,-0.321524664588,-1.0079539661,-0.0677576664304,-0.00822435155613,-1.15126423781
ACH-000766,-0.583794059611,-3.73609724689,-2.58772964165,0.0809796194964,-0.428037905362,-2.00632090585
ACH-000768,0.703022918991,-1.15748052309,-1.03335823925,0.382084089077,0.254609001545,0.0041776853466
ACH-000769,-0.31355160949,-2.58722223909,-0.888110919555,-0.853243070576,0.234036908797,-1.96925692469
ACH-000771,-0.691475511168,-2.20548847032,-2.43455991172,-0.159763788323,0.765254165989,-0.0182002681231
ACH-000774,-0.362150906493,-1.4189963568,-0.888281692311,0.24179512652,0.393593561689,-0.653706263976
ACH-000775,0.281827486626,-1.05114129155,-1.40448081952,0.86213565571,0.212077889919,0.105946646717
ACH-000776,-0.182540045663,-2.03427325832,,0.551883507812,-0.0414174060102,-0.846384011574
ACH-000777,-1.7393331099,-2.25464610903,-2.9876192917,-1.07495627764,-0.352748443253,-1.26142975498
ACH-000778,-0.18262705391,-3.36649678615,-3.67601196202,-0.348347619634,0.19725011655,-1.07040355036
ACH-000781,-0.24585208807,-0.932231764211,-1.71924854039,-0.332656353348,0.316730101968,0.464090089765
ACH-000783,-0.196157253694,3.14429112766,0.333846705312,0.81367360119,-0.561895694746,-0.652713024713
ACH-000784,-1.10216143943,-1.48633080095,-0.157594958252,0.267100088892,-0.325595880528,-0.350098903859
ACH-000785,-0.134805044398,-2.86420408298,-2.65273360366,-0.0642871556632,0.0655287263677,0.459071568611
ACH-000787,-0.853754676076,-2.22924806655,-2.19000400415,-0.506671144068,0.000332447881862,-2.14911176489
ACH-000788,-0.816451933918,-3.48650800745,-1.3696976537,-0.745541977366,-0.157148871657,-2.2173697079
ACH-000791,-0.464325566863,-0.233553736016,-0.246234848751,0.126996350649,-1.18942335256,0.863018349215
ACH-000792,0.414111822298,-0.114947755233,-0.862880563797,-0.0176110150061,0.878102307196,0.0475994477054
ACH-000794,-1.35639867527,-1.43714670866,-3.11984557279,-1.54560570917,-0.901094433471,-2.26455958386
ACH-000796,-0.182325587595,-0.802196776168,-0.401154662462,-0.175253113779,0.631579327332,-0.169726718782
ACH-000800,-1.30644783888,-1.02271890735,-0.104717931767,0.183194069783,0.521835442114,-2.28765481229
ACH-000802,-0.0160196652982,-3.34116973359,,-1.44940740981,-0.598312228649,-1.2309195397
ACH-000803,-0.227173348078,-1.96576247877,-0.0997656085752,-0.15838200391,0.29097668027,0.64219894149
ACH-000804,-2.16599219744,-3.45848196415,-2.93018502803,-0.491781959738,-0.285899139207,-3.04803024697
ACH-000805,-1.63084128165,-3.37618116083,-1.83539126459,-0.516606978711,-0.199879045683,-1.7919560775
ACH-000807_FAILED_STR,0.239792966867,-0.232547849257,-2.57282337074,0.825593090474,1.08454461832,-0.198254333236
ACH-000808,-0.691026850156,1.57706736774,0.523460365543,0.91326696336,-0.411317154137,0.991688875856
ACH-000809,-1.69569778099,-2.41001065307,,0.0821077813882,-0.339006262114,-2.29568567312
ACH-000810,0.0756104583853,-0.339191212985,-1.08894486691,0.251024467955,0.599818596195,0.893913382659
ACH-000811,-0.063262584671,-1.3278831807,-2.45297168547,0.273809226562,0.5219716359,-0.606966620596
ACH-000812,-0.281608829208,0.0566385865488,0.161491407611,0.502012283792,-0.367306295587,-1.10808089306
ACH-000813,-0.678590714939,-1.03660266122,-0.15027940876,-0.86919393613,0.230529467436,-0.913203923767
ACH-000814,-0.54025349205,-0.986046323596,-0.863022060142,0.543795601563,0.718082876162,-0.875020121164
ACH-000819,-1.10600116065,-1.76379683737,-1.10966100199,0.70812198901,0.865730668716,-2.44540611113
ACH-000822,-0.437975591634,-1.99345374628,-1.0359729921,-0.790976703811,0.373879815983,0.223248846351
ACH-000823,0.0321447116618,-2.56696451876,-0.13591667691,0.160841459963,0.28490137547,-0.861867610118
ACH-000824,-1.75278841831,-4.9043381363,-3.67552151131,-1.8317155732,-0.80317202795,-3.04967840142
ACH-000826,-0.0953478008118,-0.800174079488,-1.23950253557,0.335558005519,0.49973312284,-0.299325967418
ACH-000827,-0.978410993222,-1.77551185689,-0.51306616112,0.372962692124,0.668335144213,-0.314222290703
ACH-000832,0.00799414109191,-4.17555143886,-5.00241624242,0.747771440017,0.365903001975,-0.955631125768
ACH-000833,-0.367163556454,-1.68896838554,-2.98032921348,-0.875457640012,-0.336253871052,-0.712062867799
ACH-000834,-2.5251084792,-2.02641504931,-3.80571762367,-0.753434920821,-0.186846388598,-3.02379962423
ACH-000835,0.960960786562,-2.63626334095,-2.0118414395,0.308942852301,-0.488326231525,1.26706075259
ACH-000836,0.173479805921,-1.69902594577,-3.17320334959,-0.0457527351076,0.775506300638,0.604905392449
ACH-000837,-0.572084590848,,-1.44288835512,0.0949370807662,0.143149999242,-1.08305406
ACH-000839,-0.557669143272,-2.79846654374,-5.26853473919,0.379346940674,0.448399917951,-2.43247056773
ACH-000840,-0.721430081937,-2.6768086523,-1.32371827371,0.675040936801,0.214098930756,-0.025310789168
ACH-000841,-1.20451688405,-1.77873825547,-2.25069446314,-0.439820025326,-0.336321076062,-2.49164801492
ACH-000842,-0.552226423867,-0.758820089027,-0.21622054519,0.878726476389,0.441474782645,-0.603400431197
ACH-000843,-1.47323772993,-2.75495279058,-2.89576190758,-0.525595057268,-0.549470828515,-1.03498388702
ACH-000845,-0.619801616842,-2.16658279628,-3.3304521946,-0.80370699798,0.545891372497,-1.30668811143
ACH-000846,0.218403559159,-3.09271986673,-0.798500684477,0.24037312942,-0.293508839277,-0.487119454876
ACH-000847,-3.45967043225,-3.1037674402,-1.20638505455,-0.971267150937,-0.756609974351,-4.44150879067
ACH-000848,-1.58290492634,-1.71101717743,-0.823452950836,-0.0865986644588,-0.907476189484,-1.71208686624
ACH-000849,-0.354588330058,-2.55144866067,-2.02955452507,-0.272571245618,0.619913576027,-3.07699105002
ACH-000852,0.94795991557,-2.76875593291,0.3762678492,1.12745272943,0.904135987884,0.467334973446
ACH-000853,0.107791232946,-1.1607725413,-1.4075387204,-0.75430035629,-0.323877182506,-0.18152459202
ACH-000855,-1.08452280373,-1.89744879134,,-0.310211609553,-0.349645202186,-1.72884800148
ACH-000856,-1.22729969008,-1.54297587758,-2.0755191423,-1.22100385385,-1.11353676123,-0.914423055016
ACH-000858,-2.57428320338,-1.9141065558,-1.5062265331,-0.280151149097,1.9856850792,0.637785073122
ACH-000859,-0.720412074439,-2.84032854904,-1.25476574035,0.470505231971,-0.192506274176,-1.53190342412
ACH-000860,-0.233753903568,,-3.79298875988,-0.216230210224,1.21165495237,0.42027782083
ACH-000862,-2.20248503573,,,-1.35468277047,-1.27623070256,-2.76029318651
ACH-000863,-0.797766645304,-2.24398097553,-2.63725288232,-0.276701199712,-0.0959426171348,-1.3827985324
ACH-000866,0.587333838766,-1.86671197339,-1.4783368274,-0.819015501975,0.431959450227,-2.51004802412
ACH-000868,-0.560884013733,-1.40181841412,-1.7162142795,-1.73125632186,-0.394617407403,-0.852528050645
ACH-000869,-0.311287619351,-1.41705418929,-1.61053249962,-0.141615085606,-0.0954010685837,-1.6310883539
ACH-000873,-0.317170397212,-2.40784274666,-1.8071985682,-1.04249502504,-0.845058008153,-2.6946096381
ACH-000875,-0.999002947697,-0.849933854589,-0.476313858549,-0.331614264584,0.00129907442739,-1.48879274667
ACH-000878,-0.342082565092,-2.84718703439,-2.13997667235,0.0863881068383,0.774808030628,-1.04314726301
ACH-000879,0.211923202651,0.151845146184,0.180290822056,-0.571332719219,-0.99439106427,-1.60684441945
ACH-000880,-1.44050789116,-1.58084188883,-1.14625302318,-1.10064596529,-0.920688733572,-1.48460371097
ACH-000881,-1.03818169646,-2.60110603542,-1.83361448385,-0.762535405053,-0.534024898121,-1.91122907563
ACH-000882,-0.727365242516,-1.16105222642,-0.867182144382,0.185302528201,-0.0312816856729,-0.877056961547
ACH-000883,-0.663301912909,-2.1984821067,-1.11262882518,1.21840439943,1.07414821601,0.0853733773797
ACH-000884,0.105201301454,-2.4506239425,-2.77320440217,0.342263522045,0.355782645104,-0.613165052972
ACH-000885,,-2.83791949817,,-1.91708156117,-1.36849554142,-2.22338484029
ACH-000886,-0.649175432521,-1.84087489926,-2.90762615187,-0.452554141664,0.105721287361,-1.80557428408
ACH-000888,0.138758286105,-1.39689181206,,0.718943575878,0.764901810224,1.04906820724
ACH-000890,0.256209895231,-2.07730277619,-0.590196013441,0.0266317877992,-0.0877967372289,-0.157199759924
ACH-000891,-0.555279139018,-5.21252792575,-4.55621046297,0.358854856219,0.619637853874,-2.03369020144
ACH-000892,0.793266364204,-0.168953882348,-1.17180737087,0.920537464731,0.813695609135,0.490853815211
ACH-000893,0.167674741396,-0.943003108667,-0.537391127774,0.00777697230758,-0.113966259055,-0.454608909378
ACH-000895,0.222341103,-2.40347981276,-1.14594541592,0.422984837225,-0.411196453296,-2.29704869507
ACH-000896,0.0626933359771,-1.50969030958,-0.908460260154,0.63331411758,-0.0783719925412,-0.180988126652
ACH-000897,-0.1431945284,-2.31220185361,1.1999581099,1.2504332037,-0.61403800717,-0.88187062081
ACH-000898,-0.892016668549,-1.95883785662,-1.09359853032,-0.0246096871899,0.28738493118,-1.66488989752
ACH-000899,-0.0439516373955,-2.29045237984,-0.660556947735,0.595442900224,-0.0513917135433,-0.735830774665
ACH-000900,-1.0791432816,-3.06178388222,-2.9366314392,0.513190081544,0.0333824433728,-2.90047004318
ACH-000901,0.270824517839,-0.27246146849,-1.19776758172,0.950132484759,0.172012826794,0.494237936997
ACH-000903,0.333634818469,-1.00500556514,0.517675845565,-0.105048580172,0.391985920969,-0.9537980494
ACH-000905,-0.376774778708,-3.38437655056,-2.56491253989,-0.384168825773,0.360968054674,-1.90177267733
ACH-000906,,,,-1.08156330671,0.100968533748,-1.20368546547
ACH-000909,-0.193837031996,-2.75263123826,-1.62915122388,-1.20935205448,-1.93194378079,-3.08931010909
ACH-000911,-0.697353490919,-1.44719711896,-3.63583565367,-0.160733498917,0.565366870321,-0.409255314019
ACH-000913,0.364854368328,-0.664270870058,-0.389322737733,-0.157288481732,0.727233029092,0.0644351747765
ACH-000915,-0.427738705739,-1.06885757585,-0.306746429869,-0.165998886316,-0.126221309274,-1.90750894862
ACH-000916,-0.964098539889,,-2.22913222153,-0.251024140735,-0.338741416559,-0.418365385587
ACH-000917,-0.591045928793,0.517946812483,-1.21408526896,0.0782459090988,0.163920029178,-0.000382388022203
ACH-000919,-0.0995359583291,-0.909378918669,-1.37088965757,-1.7709094915,-1.52636656112,0.467514008732
ACH-000921,0.0187486826865,-1.12558113308,,0.540041813127,0.62581248408,-1.49216485798
ACH-000924,-1.05278656176,-1.47142903072,-1.59025305552,0.104937611715,0.430339792627,-0.343105754556
ACH-000925_FAILED_STR,-1.35826333791,-2.40022900572,-3.09979329097,-0.738794940186,-1.36519777224,-2.95479489855
ACH-000926,0.641257123875,-2.01731136075,-2.59694377706,0.61132253007,0.646324020642,0.683838342801
ACH-000927,0.858956916507,-0.655883280372,-0.624029608108,,-0.219438309681,0.737429196034
ACH-000929,-0.927507547612,-2.81192474431,-2.50337775064,-0.0142930807723,0.746369565827,0.666008355311
ACH-000934,0.385350828407,-1.04409449735,0.384139962003,0.346939843034,0.755568361805,-0.116895160237
ACH-000936,-0.0522271084802,-1.14780489016,-0.505792466667,-0.951234752032,-0.375277797858,0.677537268442
ACH-000939,-0.923946230498,-1.21192212547,-0.670727279732,-0.986397615153,-1.26380655388,-3.31114120361
ACH-000940,-0.990930543357,-2.5365894593,-1.98935591365,-2.41199248978,-1.78847532648,-3.32895085171
ACH-000941,-0.874343116764,-0.645555828221,-2.04509311285,-0.706001299748,-0.433500809957,-0.591224938906
ACH-000943,-0.383625863889,-0.62845173105,-0.266835925248,-0.125764999848,-0.111968998237,0.0769943312017
ACH-000945,0.683377493137,-2.02261672499,-2.65743428049,0.477360031871,1.08206845718,1.14415328478
ACH-000946,-0.102038923944,-2.40810233029,-1.02781784911,0.0834531079885,0.864680685691,-3.95965695435
ACH-000947,-0.190379164299,-2.02402296953,-1.24627744721,-0.675965997632,-1.60601866561,-2.37174430727
ACH-000948,-0.57368054974,-2.2884977898,-2.18096681648,0.213706530387,-0.923391609434,-1.75588897005
ACH-000950,0.213304124156,-3.22830296167,-2.16206965743,-0.552514971741,0.732457214406,-1.22773563597
ACH-000954,-0.609155805483,-0.666007424132,-0.314617465961,-0.495572387187,-0.337013444366,-0.849551224998
ACH-000955,-1.56264351522,-1.97678760563,-2.79087646208,-0.490588477421,-0.0785487514397,-1.27415365002
ACH-000956,0.538476232245,-0.09768772384,-0.066127120015,0.379749428467,0.0219184508102,0.528710335515
ACH-000957,0.325785679932,-3.37073030036,-0.879081312863,-1.0658689735,-0.166676364271,1.09687136184
ACH-000958,,-2.14456465707,-0.841312370214,,,
ACH-000959,-1.66365921573,,-1.37287529141,-1.45219999101,-0.0320211757408,-1.92311414475
ACH-000961,-0.358491405026,-1.48872239464,-0.665646147636,-0.516807838045,-1.1206363936,-2.89531243443
ACH-000962,-0.0944659590206,-2.88289209856,,0.476892825058,-0.0935853510267,-2.79703748198
ACH-000963,-0.759321221915,-1.73172279826,-0.930199084038,-0.246169402465,-0.986510785072,-0.686200712584
ACH-000965,-0.223604058601,-2.06524568253,-1.0225570937,-0.901008917752,-1.07982157303,-2.94020888978
ACH-000966,0.285790916672,-2.24089223798,-2.79884032613,-1.40983796189,-0.205682611174,-1.42599870031
ACH-000967,-0.124284339269,0.0187799399248,0.638054638747,-0.985239055677,0.382978541788,-0.494115957903
ACH-000968,0.233731701613,-1.21678235675,-1.29366603895,-0.19492269587,0.0949943841111,-1.68263936195
ACH-000970,0.777111545431,1.30108016929,-0.460200554021,0.913977754349,0.124719908606,1.04781009789
ACH-000971,-1.11927792089,-1.5824398316,-1.13306935343,-0.636170831042,0.156354745043,-2.30682954448
ACH-000972,0.364669630768,0.417886251759,0.579248755649,0.292485679707,0.774311560999,-1.44520386181
ACH-000973,-0.765888001665,-2.29495744727,-3.14217652601,-1.46266239149,-0.287920934361,-2.55948306298
ACH-000974,0.561913908171,-1.02812740572,-2.58101727988,0.307911563047,0.589654433688,-0.477343190509
ACH-000976,0.0878505686713,-3.65475202992,-2.60815845533,-0.0726072454223,0.693350963418,-0.135911892649
ACH-000977,-0.0733487088775,-2.11745178551,-0.524265038397,-0.219024083725,-0.500540410211,-0.850766844749
ACH-000978,-0.858561922232,0.794517880543,0.914399583,-0.468376093708,0.0516029600052,0.111887735285
ACH-000979,-0.787893361459,-0.898570629927,,0.172807109954,0.3505931061,0.104094317811
ACH-000982,-2.4397800917,-3.40796464148,-3.22616892398,-2.20790756898,-1.99925409539,-2.85712858722
ACH-000984,-0.146396504179,-0.374844428968,-0.577090438469,-0.89657521214,-1.38200566756,-1.67736110163
ACH-000985,-1.2057918882,-2.09250548166,,0.519430319459,0.761795477942,-1.42969262962
ACH-000986,-2.93665974527,-3.88996458811,-3.94638170636,-0.792789896232,0.1460347762,-0.175660511006
ACH-000987,0.652315010664,-0.930970314453,0.159503054305,0.554000803723,0.986259005406,-0.21957541032
ACH-000988,0.119781558279,-1.77750637309,-0.199547733148,0.0404380474097,-0.105049694005,-1.91832302089
ACH-000990,-0.868778643247,-2.49300598916,-1.45156981286,0.187297474669,-1.10244305799,-0.775598318157
ACH-000991,-0.510101227793,-1.41513603275,-0.996527862039,-0.357616285917,0.366906501805,-0.335116868677
ACH-000992_FAILED_STR,-0.597997403029,-1.14880916108,-0.539272505426,-2.49202066507,-1.69643159137,-1.54471759409
ACH-000994,-0.093744662127,,,0.543714097378,0.988770559648,-0.914103034557
ACH-000996,-0.259531353099,-0.634917695605,-1.8241374536,0.608629268887,1.08049797545,-0.656309968974
ACH-000997,-0.218478976503,-2.11902654162,-2.49456469077,-0.237819561202,0.716178600858,-1.55237673187
ACH-000998,0.195673514992,0.0835515982264,-0.243965331203,0.254620018381,1.49955408872,-2.56435553171
ACH-001007,-0.577458170505,-1.10814268616,,0.42043726518,0.0899731283199,-1.10014774537
ACH-001008,-1.84133840499,-2.07758424125,-2.84612257078,-0.199494555791,0.146244761283,-2.37633553108
ACH-001009,-1.30842603957,-1.41220869927,-3.50509390407,-0.166917763719,0.233486735781,-0.847375361068
ACH-001010,-0.658689020085,-2.20251206368,-3.54875454188,-0.581371169447,0.059392001384,-1.60334103878
ACH-001016,-0.183309512607,,-3.01979937802,-0.0956379942313,0.433920957185,-0.39765713014
ACH-001022,-0.870491162184,-2.73772420879,-1.28868124702,-0.629584778176,0.532436080634,-1.77165093569
ACH-001024,-0.847948271117,-1.59818031063,-1.95404261992,-0.58882559113,0.038265501098,-2.04806378847
ACH-001029,-0.0491714207034,-1.94788797308,-0.964002147509,0.19178888189,-1.61367976045,-1.23985182213
ACH-001075,-0.510950603009,-2.57050947491,-0.250372173186,0.416111436234,-0.120545556093,-0.668601927699
ACH-001078_FAILED_STR,-1.65684980869,-2.37731971525,-2.71922625914,0.540470893561,-0.175728336353,-0.718371359781
ACH-001099,-0.715953364099,-1.33392299318,-0.99611000022,,-1.28690665369,-1.36714215381
ACH-001113,-0.392687029418,-0.921594796686,0.0209651694069,0.254283236025,0.167070001917,0.39731019285
ACH-001128,-1.23921339398,-2.37530651974,-3.59284917421,0.52960685988,-0.888725866613,-1.73454121006
ACH-001145,-0.423989292727,-3.34327275509,-2.0916548345,-0.0876763003126,-0.193936168515,-2.37435327451
ACH-001163,-1.70929335919,-2.09543335149,-3.57507357571,-0.41181663762,0.937354598255,-1.00117307228
ACH-001164,0.742609306234,-0.171435553012,0.276130762268,,-0.775713047626,0.112578383551
ACH-001190,0.128676059152,-2.46092050949,-1.93253583017,0.86023397519,1.19183907129,-0.0988497438111
ACH-001192,-0.382755939862,-1.56392144376,-1.50961871231,-0.00209315657905,0.407237033666,-0.622538764874
ACH-001193,-1.75650382702,-2.14517841513,-2.97921897163,-0.551021363298,0.408705817411,-4.23919705354
ACH-001200,0.569480363727,-0.628090909043,-0.286447759285,0.995022881526,-0.214478771941,-0.870970712214
ACH-001205,-1.7683137999,-2.48931779987,-2.61686916262,-0.287759791795,0.0877219457312,-1.78577470302
ACH-001210,0.168490396759,-1.85017316512,-0.638935721405,-0.554775887344,-0.443392819531,-1.47488747873
ACH-001211,0.22870699127,-1.66404988094,-0.839312750424,0.467072311137,1.23071980904,1.64064756847
ACH-001212,-0.751486169805,-1.47682128332,-0.479731349173,0.193743159726,0.420165191475,-1.30271079456
ACH-001239,0.148940422983,-0.555753883359,0.117852027945,0.202652368967,0.429338495939,0.58205763892
ACH-001306,0.129030931714,-3.97483331565,-3.78439031837,-0.522573846518,-0.0807954241764,-1.30196728586
ACH-001307,-0.214024852827,0.2214066543,-0.272824568453,1.34364671759,1.12200328691,0.613389860469
ACH-001318,-0.796352059625,-1.6252949478,-2.38232119166,0.363867935309,0.528649274461,-0.31568271824
ACH-001321,0.47761875193,-1.75695387502,-0.96153956013,0.321311057422,-0.167662932332,0.143817420438
